{"cameraMode":{"drawMode":2,"name":"Shaded Wireframe","section":"Shading Mode"},"sceneLighting":true,"audioPlay":false,"sceneViewState":{"m_AlwaysRefresh":false,"showFog":true,"showSkybox":true,"showFlares":true,"showImageEffects":true,"showParticleSystems":true,"showVisualEffectGraphs":true,"m_FxEnabled":true},"in2DMode":false,"pivot":{"x":-2.2344777584075929,"y":3.9812700748443605,"z":13.714749336242676},"rotation":{"x":0.013289687223732472,"y":0.9833176136016846,"z":-0.07981850206851959,"w":0.16317251324653626},"size":4.033893585205078,"orthographic":false}